Rank,DMU,Avg_Cross_Efficiency
1,DMU 9,0.8950672114503284
2,DMU 6,0.8897079207314789
3,DMU 8,0.8400991893373615
4,DMU 7,0.8221779127692146
5,DMU 15,0.7754600594950859
6,DMU 1,0.7738735508387967
7,DMU 4,0.7544669280757719
8,DMU 2,0.7249886828754717
9,DMU 3,0.6672894111659672
10,DMU 10,0.6498664772395463
11,DMU 12,0.5898120031709674
12,DMU 13,0.5572071366012591
13,DMU 14,0.47142291931765357
14,DMU 11,0.44876117730555887
15,DMU 5,0.4137068005834303
